label,0,1,2,3,4,5,6,7,8,9,10,11,12,13,14,15,16,17,18,19,20,21,22,23,24,25,26,27,28,29,30,31,32,33,34,35,36,37,38,39,40,41,42,43,44,45,46,47,48,49,50,51,52,53,54,55,56,57,58,59,60,61,62
A,0.338339626789093,0.5962082743644714,-5.4145084504853e-07,0.40464693307876587,0.6090486645698547,-0.02742833085358143,0.47427067160606384,0.5191460847854614,-0.03174237534403801,0.5031614303588867,0.4288391172885895,-0.03288772702217102,0.5325319766998291,0.38766440749168396,-0.027106909081339836,0.4434696137905121,0.4205770492553711,-0.013136357069015503,0.4466819763183594,0.3581247329711914,-0.04738616943359375,0.43877002596855164,0.4324529767036438,-0.057700999081134796,0.4366651177406311,0.4708179831504822,-0.05716048926115036,0.39630696177482605,0.41498643159866333,-0.007532534189522266,0.39834490418434143,0.36111533641815186,-0.043306827545166016,0.39344096183776855,0.4596721827983856,-0.03988190367817879,0.39298534393310547,0.48393604159355164,-0.027000369504094124,0.3525579571723938,0.41282233595848083,-0.008949068374931812,0.35332345962524414,0.3597411513328552,-0.050204306840896606,0.35289958119392395,0.45913687348365784,-0.03059040755033493,0.35280895233154297,0.49201682209968567,-0.005465307738631964,0.3060416877269745,0.41193997859954834,-0.012026794254779816,0.3108702600002289,0.3694847822189331,-0.03760729357600212,0.31408125162124634,0.4435861110687256,-0.023545844480395317,0.31572505831718445,0.47332945466041565,-0.005104307550936937
A,0.3747492730617523,0.6178719997406006,-4.758888110245607e-07,0.4406013786792755,0.6200161576271057,-0.023186739534139633,0.510403037071228,0.5310184955596924,-0.023798516020178795,0.52818363904953,0.44804832339286804,-0.022305123507976532,0.5284936428070068,0.39337509870529175,-0.014718329533934593,0.4795800745487213,0.42290377616882324,-0.009453129023313522,0.49646374583244324,0.37706148624420166,-0.041594136506319046,0.48668450117111206,0.45331162214279175,-0.05356907099485397,0.4773600697517395,0.48368409276008606,-0.05539098009467125,0.4305233359336853,0.4139104187488556,-0.008035232312977314,0.44531282782554626,0.3712426424026489,-0.039675477892160416,0.44045162200927734,0.46811142563819885,-0.03896082937717438,0.4332126975059509,0.49353688955307007,-0.03055047057569027,0.3822595477104187,0.41416236758232117,-0.012856217101216316,0.3946414589881897,0.37006235122680664,-0.04914427176117897,0.3962478041648865,0.46561378240585327,-0.03141625225543976,0.38872799277305603,0.49646276235580444,-0.010514194145798683,0.3293619751930237,0.41850873827934265,-0.019235439598560333,0.3484547734260559,0.3844378590583801,-0.04096906632184982,0.35240375995635986,0.4537346661090851,-0.025250490754842758,0.3460710942745209,0.47889578342437744,-0.007590954657644033
A,0.405524879693985,0.6410051584243774,-3.178693361860496e-07,0.47021088004112244,0.6312801241874695,-0.03760950639843941,0.5433202981948853,0.5562808513641357,-0.049218401312828064,0.567939817905426,0.4812568426132202,-0.0576259009540081,0.5801395177841187,0.4226110279560089,-0.05892317369580269,0.514011800289154,0.4296064078807831,-0.01682945340871811,0.5313793420791626,0.38622331619262695,-0.059375885874032974,0.5252913236618042,0.46450933814048767,-0.07844356447458267,0.5168521404266357,0.4970830976963043,-0.08319219201803207,0.4638577997684479,0.4160328209400177,-0.011603357270359993,0.47890594601631165,0.3808192014694214,-0.0527946837246418,0.47570157051086426,0.4811599850654602,-0.056982047855854034,0.46747025847435,0.5063443183898926,-0.04980174079537392,0.41045188903808594,0.41676613688468933,-0.014665432274341583,0.4229969382286072,0.37582188844680786,-0.058703187853097916,0.4273056387901306,0.4740031361579895,-0.04221707582473755,0.42008164525032043,0.5050684213638306,-0.019614992663264275,0.3509645462036133,0.4288448095321655,-0.020593000575900078,0.3711709976196289,0.3973328173160553,-0.047327496111392975,0.3805074095726013,0.4629831314086914,-0.03254194185137749,0.37538421154022217,0.4866168200969696,-0.013413975946605206
A,0.4129519462585449,0.6602752208709717,-5.285046995595621e-07,0.4865654706954956,0.66604083776474,-0.04046208783984184,0.5792782306671143,0.5829900503158569,-0.051262203603982925,0.6209797263145447,0.4953918159008026,-0.058722011744976044,0.6490565538406372,0.43642884492874146,-0.056286122649908066,0.5639033317565918,0.4531266689300537,-0.009710816666483879,0.5932517647743225,0.39595267176628113,-0.05641542375087738,0.5718029141426086,0.4796399474143982,-0.07211310416460037,0.5537676811218262,0.5137799978256226,-0.07232044637203217,0.5099529027938843,0.4298664927482605,-0.003735254518687725,0.5311825275421143,0.39229774475097656,-0.04807696491479874,0.5097357630729675,0.507531464099884,-0.04475552588701248,0.5003136992454529,0.5206089019775391,-0.029490502551198006,0.45294466614723206,0.4195452034473419,-0.00857741478830576,0.47246360778808594,0.3797908425331116,-0.05863524600863457,0.4585496187210083,0.4965187907218933,-0.0334932766854763,0.44931527972221375,0.5205662250518799,-0.002552124671638012,0.389340341091156,0.4192306697368622,-0.01679621823132038,0.41467171907424927,0.39220041036605835,-0.04573623463511467,0.4093826115131378,0.47751230001449585,-0.025369055569171906,0.40142786502838135,0.4986484944820404,-0.0007495377794839442
A,0.3699357509613037,0.6616058349609375,-3.6073802789360343e-07,0.4463941156864166,0.6584535241127014,-0.04050588235259056,0.5404137372970581,0.5633782744407654,-0.048813603818416595,0.5752077102661133,0.471332848072052,-0.052500445395708084,0.5791612863540649,0.3989632725715637,-0.04948917776346207,0.49237656593322754,0.4156041145324707,-0.020598530769348145,0.5145794749259949,0.3704276978969574,-0.06375674903392792,0.5053255558013916,0.46348193287849426,-0.083112433552742,0.4982113540172577,0.5047252178192139,-0.0883217304944992,0.43687722086906433,0.406627357006073,-0.014651499688625336,0.459757536649704,0.3687441647052765,-0.05890579894185066,0.45215171575546265,0.4789644479751587,-0.06582904607057571,0.4423273205757141,0.5125313997268677,-0.06110069900751114,0.38224977254867554,0.4120824337005615,-0.017047248780727386,0.4008501172065735,0.3777969479560852,-0.06711467355489731,0.4000919461250305,0.4867066442966461,-0.0526554174721241,0.3928811848163605,0.5257704257965088,-0.03144790232181549,0.32319384813308716,0.4226810336112976,-0.02215651609003544,0.34881454706192017,0.39121946692466736,-0.05527963116765022,0.35174864530563354,0.47564539313316345,-0.0418565459549427,0.3447301983833313,0.5129358172416687,-0.023642010986804962
A,0.3600621223449707,0.6806474924087524,-4.188209743460902e-07,0.441063791513443,0.6513327360153198,-0.04030676931142807,0.5229249596595764,0.5137141346931458,-0.0484950877726078,0.5554455518722534,0.3949539363384247,-0.049961477518081665,0.5909421443939209,0.3271981477737427,-0.041976504027843475,0.462772399187088,0.3968377113342285,-0.029909387230873108,0.4683944582939148,0.3546805679798126,-0.0663326308131218,0.47093841433525085,0.46559786796569824,-0.07631123811006546,0.4644898772239685,0.4946301281452179,-0.07791858911514282,0.39446544647216797,0.4002273380756378,-0.022250214591622353,0.40308764576911926,0.3706943094730377,-0.05919520556926727,0.4184124171733856,0.5013918876647949,-0.05849440023303032,0.41350457072257996,0.5139588117599487,-0.051669154316186905,0.3361750543117523,0.4233183264732361,-0.021265162155032158,0.3409826457500458,0.3939814567565918,-0.0650477483868599,0.36604827642440796,0.5192005038261414,-0.04378374665975571,0.36491110920906067,0.5440934896469116,-0.021119512617588043,0.27851957082748413,0.44994422793388367,-0.022578567266464233,0.28818047046661377,0.4340592324733734,-0.05170274153351784,0.31456148624420166,0.5225186944007874,-0.03577887639403343,0.31801003217697144,0.5450229644775391,-0.017260301858186722
A,0.3671242296695709,0.6877967119216919,-4.590411606386624e-07,0.44888395071029663,0.6492910981178284,-0.04226401448249817,0.5228662490844727,0.506006121635437,-0.0529320128262043,0.547193169593811,0.38703453540802,-0.0575881227850914,0.5851948261260986,0.315654456615448,-0.05358162149786949,0.4533514082431793,0.37592872977256775,-0.026750991120934486,0.46479034423828125,0.3635810911655426,-0.06468218564987183,0.46962592005729675,0.47217121720314026,-0.07621153444051743,0.4613765776157379,0.4928557276725769,-0.07965976744890213,0.38787204027175903,0.3746022880077362,-0.019993184134364128,0.4044550657272339,0.3892502784729004,-0.05581431835889816,0.4201165437698364,0.5091074705123901,-0.053868651390075684,0.41509124636650085,0.510120689868927,-0.045759428292512894,0.3282136619091034,0.3986264169216156,-0.02137616276741028,0.3423580825328827,0.42606374621391296,-0.06274755299091339,0.36812588572502136,0.5359969139099121,-0.044755905866622925,0.3700110912322998,0.5417506694793701,-0.025070950388908386,0.2716541886329651,0.4323418438434601,-0.026194389909505844,0.28820478916168213,0.47138744592666626,-0.05148332566022873,0.31804507970809937,0.5482102632522583,-0.039944179356098175,0.32619309425354004,0.553392231464386,-0.025349922478199005
A,0.36372968554496765,0.6908906102180481,-6.186157861520769e-07,0.4534977674484253,0.66619873046875,-0.040195152163505554,0.5306362509727478,0.5273397564888,-0.050725456327199936,0.553543210029602,0.40869736671447754,-0.0567832887172699,0.5917225480079651,0.3422299027442932,-0.054058920592069626,0.45952892303466797,0.41268569231033325,-0.020015276968479156,0.48081356287002563,0.3661285638809204,-0.06087428703904152,0.4854085445404053,0.47464555501937866,-0.07243480533361435,0.4797855019569397,0.5059011578559875,-0.0738389790058136,0.3955318033695221,0.4148271381855011,-0.014602723531425,0.42271557450294495,0.3824668824672699,-0.05706999450922012,0.4332810342311859,0.5108949542045593,-0.0534578412771225,0.4229837656021118,0.5288479924201965,-0.04075782746076584,0.33683550357818604,0.43015792965888977,-0.01831875555217266,0.36433926224708557,0.41368338465690613,-0.06931080669164658,0.38123461604118347,0.5364543795585632,-0.04785409942269325,0.3725353479385376,0.558661699295044,-0.0214387197047472,0.2779351472854614,0.452573299407959,-0.024477917701005936,0.3103811740875244,0.43979209661483765,-0.054742004722356796,0.3284052610397339,0.5317480564117432,-0.037766233086586,0.32072967290878296,0.5553420186042786,-0.017419127747416496
A,0.35755982995033264,0.6853082180023193,-6.061729891371215e-07,0.4536263048648834,0.6573343276977539,-0.03632742911577225,0.540708065032959,0.5256139039993286,-0.0455048568546772,0.572330117225647,0.4091348648071289,-0.05013129860162735,0.62013840675354,0.3477270007133484,-0.04425739496946335,0.4824061393737793,0.3894729018211365,-0.01225830428302288,0.5034920573234558,0.36052221059799194,-0.047396861016750336,0.4945971965789795,0.46716105937957764,-0.05605657026171684,0.48042726516723633,0.47859108448028564,-0.05858510360121727,0.4162733256816864,0.37958675622940063,-0.007952561601996422,0.44357046484947205,0.37414300441741943,-0.044371601194143295,0.44439417123794556,0.5034063458442688,-0.040565986186265945,0.43255922198295593,0.4950140118598938,-0.030216621235013008,0.35624757409095764,0.39129912853240967,-0.012134911492466927,0.3819451332092285,0.4009911119937897,-0.054553721100091934,0.3925366997718811,0.5203874111175537,-0.03354446589946747,0.38297274708747864,0.521504819393158,-0.01100695226341486,0.2988260090351105,0.41079509258270264,-0.01931576058268547,0.32644855976104736,0.42960330843925476,-0.04300041124224663,0.34355276823043823,0.516154944896698,-0.02815232239663601,0.33813515305519104,0.5223388671875,-0.011374224908649921
A,0.359856516122818,0.6878975629806519,-5.938571234764822e-07,0.4499790668487549,0.6731414794921875,-0.040367983281612396,0.5364999771118164,0.541409969329834,-0.0499960333108902,0.5709195137023926,0.42211347818374634,-0.05464855954051018,0.6177461743354797,0.36578279733657837,-0.04926783964037895,0.4829913079738617,0.4223133325576782,-0.024655481800436974,0.4966520071029663,0.36663442850112915,-0.06427934020757675,0.4886164963245392,0.47407105565071106,-0.07343345880508423,0.47941312193870544,0.4991471767425537,-0.07468510419130325,0.4151230454444885,0.4198237657546997,-0.01900823973119259,0.4349333643913269,0.3788585960865021,-0.06285231560468674,0.4365702271461487,0.5112800002098083,-0.05885665491223335,0.4285540282726288,0.5191339254379272,-0.04610452800989151,0.35418710112571716,0.4296790063381195,-0.021839000284671783,0.3709337115287781,0.39652544260025024,-0.07335945218801498,0.38189077377319336,0.5214795470237732,-0.051008425652980804,0.375725120306015,0.5356393456459045,-0.024480557069182396,0.2924953103065491,0.44378823041915894,-0.027117829769849777,0.3143479526042938,0.430568128824234,-0.060102976858615875,0.3321022391319275,0.5193208456039429,-0.04495003819465637,0.3300495147705078,0.5330409407615662,-0.025771180167794228
A,0.369827002286911,0.6749652624130249,-5.869007964065531e-07,0.460519403219223,0.6690454483032227,-0.037087853997945786,0.5500898361206055,0.5340930819511414,-0.04299928992986679,0.5835888385772705,0.41144612431526184,-0.043723780661821365,0.6281698346138,0.35594791173934937,-0.034264516085386276,0.49926578998565674,0.41535910964012146,-0.016462499275803566,0.5136433243751526,0.3662809729576111,-0.052146874368190765,0.5026306509971619,0.4690912365913391,-0.0603504441678524,0.4939061999320984,0.4882001578807831,-0.06212788075208664,0.4306946396827698,0.41154658794403076,-0.011007333174347878,0.45159438252449036,0.3669034540653229,-0.052177902311086655,0.4510636329650879,0.4973942041397095,-0.048718713223934174,0.4440365433692932,0.5041635036468506,-0.03672531247138977,0.37025874853134155,0.42168864607810974,-0.01361862663179636,0.38624393939971924,0.3889124095439911,-0.061790380626916885,0.3961014449596405,0.5120778679847717,-0.03890175372362137,0.38965967297554016,0.5243538022041321,-0.013049873523414135,0.30922701954841614,0.43300777673721313,-0.018516438081860542,0.3284618556499481,0.4210502505302429,-0.04898269101977348,0.34429219365119934,0.5120674967765808,-0.03333215042948723,0.3421514332294464,0.5251352190971375,-0.014818409457802773
A,0.3732995390892029,0.6809759736061096,-5.2224510227461e-07,0.46493062376976013,0.6640794277191162,-0.04023987799882889,0.5519213080406189,0.5354176759719849,-0.049090564250946045,0.5870283842086792,0.420987993478775,-0.052798278629779816,0.6316516399383545,0.3638988137245178,-0.04655669629573822,0.5038379430770874,0.4191696047782898,-0.022852210327982903,0.5148093700408936,0.3689219057559967,-0.06118317320942879,0.5037503838539124,0.4729575514793396,-0.06972814351320267,0.49563029408454895,0.4956015646457672,-0.07078319787979126,0.4353242516517639,0.41398483514785767,-0.017222663387656212,0.45273101329803467,0.37335914373397827,-0.05997971072793007,0.45072975754737854,0.5011818408966064,-0.05707681551575661,0.4432370960712433,0.5059489607810974,-0.04551074653863907,0.3731723725795746,0.4232530891895294,-0.019915971904993057,0.3881552219390869,0.3901721239089966,-0.07003900408744812,0.39598703384399414,0.5111245512962341,-0.04871629551053047,0.38991302251815796,0.5208482146263123,-0.023552270606160164,0.31138020753860474,0.43751275539398193,-0.025023622438311577,0.3313717544078827,0.4233179986476898,-0.057277143001556396,0.3461049795150757,0.5094382166862488,-0.04224579781293869,0.34316807985305786,0.5201331377029419,-0.02354651317000389
A,0.3686225414276123,0.6820552349090576,-5.460501597553957e-07,0.4595130980014801,0.6644448637962341,-0.037681348621845245,0.5466294288635254,0.5343598127365112,-0.045278701931238174,0.5823608636856079,0.42268478870391846,-0.048184845596551895,0.6287182569503784,0.36909759044647217,-0.04100553318858147,0.4986218214035034,0.41893911361694336,-0.021644558757543564,0.5151535868644714,0.37042370438575745,-0.05912773311138153,0.5015811324119568,0.4757576286792755,-0.06684210151433945,0.49100959300994873,0.4936971962451935,-0.0677981972694397,0.43172767758369446,0.4124760031700134,-0.017332470044493675,0.4526154696941376,0.3762490749359131,-0.05943836644291878,0.44801804423332214,0.504236102104187,-0.05587577074766159,0.43878307938575745,0.5054849982261658,-0.044024787843227386,0.37083199620246887,0.42078399658203125,-0.02114296518266201,0.38918259739875793,0.3920619487762451,-0.07143989205360413,0.39564239978790283,0.5145096182823181,-0.050468116998672485,0.3883652091026306,0.5232706069946289,-0.025494208559393883,0.3101983070373535,0.43379753828048706,-0.02710975892841816,0.33310675621032715,0.42468249797821045,-0.05986520275473595,0.347741961479187,0.5116682052612305,-0.04549015313386917,0.3445402681827545,0.5216917991638184,-0.027128271758556366
A,0.3654767572879791,0.684657871723175,-5.454445499708527e-07,0.45612451434135437,0.6656589508056641,-0.038950156420469284,0.5427597761154175,0.5400685667991638,-0.04817359149456024,0.5754950642585754,0.42840081453323364,-0.05286474898457527,0.6217873692512512,0.37470364570617676,-0.04740799590945244,0.4969983398914337,0.4256017804145813,-0.01966346614062786,0.5114638209342957,0.37239524722099304,-0.05911841243505478,0.497869610786438,0.4767906963825226,-0.06889588385820389,0.4874767065048218,0.4960413873195648,-0.07054813206195831,0.43217194080352783,0.41894298791885376,-0.015081235207617283,0.4482654333114624,0.3760681748390198,-0.05773460119962692,0.4436291456222534,0.5035481452941895,-0.054613854736089706,0.43638378381729126,0.5056607723236084,-0.04266947880387306,0.37181273102760315,0.4259234070777893,-0.019053388386964798,0.3860726058483124,0.38955602049827576,-0.070073701441288,0.39065831899642944,0.5122344493865967,-0.0482468381524086,0.3852378726005554,0.5225488543510437,-0.022030148655176163,0.3106094300746918,0.4377126097679138,-0.025327607989311218,0.32867419719696045,0.42008304595947266,-0.058056727051734924,0.3422674834728241,0.5082192420959473,-0.042199213057756424,0.34074240922927856,0.5214056968688965,-0.02227596379816532
A,0.3650469183921814,0.6869692802429199,-5.712838628824102e-07,0.45438486337661743,0.672523021697998,-0.0361592173576355,0.5415531396865845,0.552626371383667,-0.044360220432281494,0.5765838623046875,0.44468146562576294,-0.04871000349521637,0.620671272277832,0.3938356041908264,-0.043403495103120804,0.5023097991943359,0.4357942044734955,-0.019685911014676094,0.5117847919464111,0.3779708743095398,-0.06014502793550491,0.4976661205291748,0.4789973795413971,-0.07196187973022461,0.49016669392585754,0.5026625990867615,-0.07464736700057983,0.436004638671875,0.4294987618923187,-0.01608775556087494,0.4498981535434723,0.38271766901016235,-0.060252074152231216,0.4450454115867615,0.5087558031082153,-0.058810897171497345,0.43901488184928894,0.5159552693367004,-0.04773769900202751,0.3751838207244873,0.43538373708724976,-0.02052456885576248,0.3868563771247864,0.3898687958717346,-0.07216028869152069,0.39086800813674927,0.5133545398712158,-0.05018842965364456,0.38660478591918945,0.5299733281135559,-0.023617910221219063,0.31302154064178467,0.44514837861061096,-0.027021173387765884,0.3292766809463501,0.4196750223636627,-0.06033084914088249,0.34114959836006165,0.5089502930641174,-0.043661583214998245,0.34081748127937317,0.5268793106079102,-0.02287212200462818
A,0.3680349886417389,0.6858235597610474,-5.45591831269121e-07,0.45662248134613037,0.6740169525146484,-0.037734854966402054,0.5449683666229248,0.5518550276756287,-0.045496318489313126,0.5806597471237183,0.44256487488746643,-0.04877990111708641,0.6226305961608887,0.3915906846523285,-0.04249599948525429,0.501663327217102,0.4299091398715973,-0.020759927108883858,0.5158659219741821,0.3780522346496582,-0.05944261699914932,0.5021641254425049,0.47681012749671936,-0.06950020045042038,0.4923091530799866,0.49979332089424133,-0.07123378664255142,0.43466609716415405,0.42439988255500793,-0.016586046665906906,0.4540901780128479,0.3790023624897003,-0.06037559360265732,0.4482634365558624,0.5066002607345581,-0.05906321853399277,0.4398038685321808,0.5146386623382568,-0.04780963808298111,0.37441331148147583,0.4311904311180115,-0.020363863557577133,0.39090806245803833,0.3903101980686188,-0.07275839149951935,0.3940766453742981,0.5134262442588806,-0.052640222012996674,0.386365681886673,0.5279493927955627,-0.026912083849310875,0.31362444162368774,0.44198957085609436,-0.026138389483094215,0.3348044753074646,0.41743209958076477,-0.06042568385601044,0.34563398361206055,0.5056495070457458,-0.0450892373919487,0.34125328063964844,0.522368848323822,-0.02518102340400219
A,0.3659496605396271,0.6825931668281555,-6.022913794367923e-07,0.4561663269996643,0.6795724630355835,-0.03652513772249222,0.5460199117660522,0.5536983609199524,-0.04181674122810364,0.5823777914047241,0.44240713119506836,-0.04243540018796921,0.6248122453689575,0.3939802944660187,-0.03336157277226448,0.5041128396987915,0.4293988049030304,-0.019835155457258224,0.5184321403503418,0.37776845693588257,-0.05705304443836212,0.5025703310966492,0.4782958924770355,-0.06666577607393265,0.4919348359107971,0.4990777373313904,-0.06887238472700119,0.43718937039375305,0.42349690198898315,-0.015288058668375015,0.45673051476478577,0.3785606622695923,-0.058529190719127655,0.45060017704963684,0.5061110258102417,-0.05741724371910095,0.44143208861351013,0.5129870176315308,-0.046686362475156784,0.3778095841407776,0.4305282533168793,-0.018355118110775948,0.39307665824890137,0.38850831985473633,-0.0695648267865181,0.3969952166080475,0.5126451849937439,-0.04869629070162773,0.38875919580459595,0.5286164879798889,-0.023078767582774162,0.3170868158340454,0.4397447407245636,-0.023372121155261993,0.33652883768081665,0.41771960258483887,-0.05726581811904907,0.3481784462928772,0.5079822540283203,-0.04198853671550751,0.34514230489730835,0.5243651866912842,-0.022435814142227173
A,0.3747994601726532,0.6687012314796448,-5.909145102123148e-07,0.46570655703544617,0.6740087270736694,-0.035988472402095795,0.5624984502792358,0.5457278490066528,-0.03942587226629257,0.6043235063552856,0.4321313500404358,-0.03724440932273865,0.6456807255744934,0.3829317092895508,-0.02476445771753788,0.5218016505241394,0.43539702892303467,-0.019448723644018173,0.5333082675933838,0.3765038549900055,-0.053037721663713455,0.5148496031761169,0.4734833240509033,-0.05986551195383072,0.5090211033821106,0.4935905635356903,-0.061219677329063416,0.45369666814804077,0.428181916475296,-0.013470994308590889,0.47189369797706604,0.36941397190093994,-0.054320331662893295,0.4623870253562927,0.4928276538848877,-0.051246076822280884,0.455866277217865,0.5037674903869629,-0.03948087990283966,0.39400187134742737,0.43316885828971863,-0.01493995450437069,0.4069209694862366,0.3863748013973236,-0.06090979650616646,0.40927398204803467,0.5041425824165344,-0.03806927427649498,0.40272313356399536,0.5192874073982239,-0.012888067401945591,0.3335619866847992,0.43469855189323425,-0.018666069954633713,0.3502621054649353,0.4152541756629944,-0.047695379704236984,0.35904911160469055,0.5026808381080627,-0.0320173054933548,0.3564205765724182,0.515491783618927,-0.014122173190116882
A,0.40079566836357117,0.653396487236023,-4.143309979554033e-07,0.4891282320022583,0.637570321559906,-0.029465924948453903,0.5747476816177368,0.5214388370513916,-0.03449520468711853,0.6128886938095093,0.4204505980014801,-0.037669334560632706,0.6517562866210938,0.3628443479537964,-0.03412230312824249,0.5205401182174683,0.414914608001709,-0.006715909577906132,0.5406844615936279,0.3597671091556549,-0.041585709899663925,0.5366846323013306,0.4479847252368927,-0.054683540016412735,0.529167652130127,0.48456355929374695,-0.05703551322221756,0.46578481793403625,0.4126051664352417,-0.003909509629011154,0.4849120080471039,0.36085379123687744,-0.04048928990960121,0.48689162731170654,0.46819329261779785,-0.043198127299547195,0.47904932498931885,0.4965510368347168,-0.03667387738823891,0.41302767395973206,0.4199124276638031,-0.008631298318505287,0.4359750747680664,0.37134724855422974,-0.05253792554140091,0.44033491611480713,0.4786711633205414,-0.03762264549732208,0.4305082857608795,0.5097677707672119,-0.017073363065719604,0.35811883211135864,0.43030792474746704,-0.014992439188063145,0.3898085057735443,0.39242127537727356,-0.04272069036960602,0.39619889855384827,0.4694405496120453,-0.029815465211868286,0.3855073153972626,0.4979175329208374,-0.013418350368738174
A,0.4448939263820648,0.6363465189933777,-5.458192049445643e-07,0.5299164056777954,0.645775556564331,-0.03068258799612522,0.6179152727127075,0.5235199928283691,-0.03289755433797836,0.6520823240280151,0.4108090102672577,-0.03228018060326576,0.6864320635795593,0.3565773367881775,-0.024223675951361656,0.5672138333320618,0.41436606645584106,-0.008394765667617321,0.5859240293502808,0.3514406681060791,-0.0425710454583168,0.5774446129798889,0.4431825578212738,-0.05405496805906296,0.5715346932411194,0.4799061417579651,-0.05552999675273895,0.5133053064346313,0.40583762526512146,-0.0026436413172632456,0.525736391544342,0.3572376072406769,-0.036158494651317596,0.5265794396400452,0.4644579291343689,-0.03439097851514816,0.521240770816803,0.48378995060920715,-0.025568461045622826,0.4612732529640198,0.4096253514289856,-0.004814319312572479,0.4702707529067993,0.35498130321502686,-0.04386307671666145,0.4786704182624817,0.4659486413002014,-0.023609096184372902,0.4746420085430145,0.4968506395816803,-0.0015105480561032891,0.40476536750793457,0.41418054699897766,-0.00913360808044672,0.4173131287097931,0.37799641489982605,-0.03214684873819351,0.42794501781463623,0.458376407623291,-0.017024122178554535,0.4265473484992981,0.4873685836791992,-0.00035996257793158293
A,0.478424072265625,0.6414370536804199,-5.187270062378957e-07,0.5599045753479004,0.6394251585006714,-0.02875492349267006,0.6429024338722229,0.5061264038085938,-0.030563360080122948,0.6727641820907593,0.38989242911338806,-0.028443574905395508,0.7089877128601074,0.33918631076812744,-0.017523059621453285,0.5938972234725952,0.4002651572227478,-0.018063968047499657,0.6142106056213379,0.34970030188560486,-0.04670039191842079,0.6082726716995239,0.4454363286495209,-0.04944242164492607,0.598628580570221,0.4696803689002991,-0.047577034682035446,0.532875657081604,0.3945208489894867,-0.014347795397043228,0.5574725866317749,0.357336163520813,-0.0480087511241436,0.5576662421226501,0.47761183977127075,-0.04416540637612343,0.5459955334663391,0.48295366764068604,-0.034602079540491104,0.47816792130470276,0.4017089903354645,-0.016439689323306084,0.49870264530181885,0.3678380846977234,-0.05893285199999809,0.5085219144821167,0.4849291741847992,-0.03821923956274986,0.49770495295524597,0.4987102746963501,-0.016250068321824074,0.4203176498413086,0.4072844386100769,-0.019552353769540787,0.4449445605278015,0.39449307322502136,-0.047739699482917786,0.4586687982082367,0.48130548000335693,-0.03277658298611641,0.4515494406223297,0.49687516689300537,-0.016140669584274292
A,0.47810113430023193,0.6452754139900208,-5.109434937367041e-07,0.5561285018920898,0.6328955292701721,-0.02796374075114727,0.6358460783958435,0.4961242079734802,-0.031127911061048508,0.6674507856369019,0.3820765018463135,-0.03100738488137722,0.702198326587677,0.323855459690094,-0.02294766530394554,0.5852196216583252,0.39035582542419434,-0.018298229202628136,0.6087353229522705,0.3432488739490509,-0.04968315362930298,0.606428325176239,0.44140732288360596,-0.055532488971948624,0.597021758556366,0.4723775386810303,-0.05477867275476456,0.5247125625610352,0.38655924797058105,-0.015906985849142075,0.5547307729721069,0.3596107065677643,-0.0502345897257328,0.5560171604156494,0.4771570563316345,-0.04686179757118225,0.5420450568199158,0.49018824100494385,-0.03725985065102577,0.4696143567562103,0.39834436774253845,-0.019744642078876495,0.49497607350349426,0.37835150957107544,-0.0615704283118248,0.5067463517189026,0.491956502199173,-0.04194522276520729,0.49543941020965576,0.5120003819465637,-0.020379748195409775,0.4117524325847626,0.412807434797287,-0.02486027218401432,0.44249427318573,0.4101901054382324,-0.05133584514260292,0.4596722424030304,0.49216967821121216,-0.0366785041987896,0.4536449611186981,0.5075695514678955,-0.020117172971367836
A,0.458862841129303,0.6693717241287231,-4.27425248972213e-07,0.5425649285316467,0.6306003332138062,-0.03906714916229248,0.6196838021278381,0.49960944056510925,-0.047309376299381256,0.6394129991531372,0.3820993900299072,-0.0492493212223053,0.6738330125808716,0.31361496448516846,-0.041548144072294235,0.5555569529533386,0.3901357650756836,-0.020540054887533188,0.5699820518493652,0.35351842641830444,-0.05462878569960594,0.5711319446563721,0.4534450173377991,-0.06631184369325638,0.5618544220924377,0.46889805793762207,-0.07111144065856934,0.49085649847984314,0.39287692308425903,-0.013422311283648014,0.5085631608963013,0.3704070448875427,-0.049200430512428284,0.5225966572761536,0.4869810938835144,-0.052220165729522705,0.5142127275466919,0.48823419213294983,-0.04885772615671158,0.4351205825805664,0.41779786348342896,-0.013040697202086449,0.45041370391845703,0.39306339621543884,-0.05498146638274193,0.4737682342529297,0.5052160024642944,-0.03629988431930542,0.46785295009613037,0.5172415375709534,-0.01622026599943638,0.38022148609161377,0.44936782121658325,-0.015083513222634792,0.3999529480934143,0.4415751099586487,-0.041171953082084656,0.4248635172843933,0.5180612206459045,-0.026216212660074234,0.4217678904533386,0.527776300907135,-0.009399998001754284
A,0.43915119767189026,0.6607446074485779,-5.396852884587133e-07,0.5314081311225891,0.6437716484069824,-0.03591848909854889,0.6140756011009216,0.5174131393432617,-0.04310360178351402,0.6395257711410522,0.3982066214084625,-0.044903699308633804,0.6773727536201477,0.33596163988113403,-0.03606070205569267,0.559319019317627,0.40647125244140625,-0.015963101759552956,0.5713887214660645,0.3512369394302368,-0.0484142079949379,0.5661762952804565,0.4524516761302948,-0.05490603670477867,0.5581138730049133,0.471972793340683,-0.05556021258234978,0.4944077432155609,0.40478822588920593,-0.00911641214042902,0.5125097036361694,0.36125773191452026,-0.04637662693858147,0.5178029537200928,0.4823562204837799,-0.0448434054851532,0.5089889168739319,0.4848966896533966,-0.03547842428088188,0.4389609694480896,0.41818177700042725,-0.009210119023919106,0.45440688729286194,0.37727269530296326,-0.051454123109579086,0.47055187821388245,0.49206218123435974,-0.028990119695663452,0.4635286033153534,0.5071429014205933,-0.004875715356320143,0.3819858133792877,0.43296024203300476,-0.011568046174943447,0.4012770652770996,0.4187449514865875,-0.03762515261769295,0.4244498908519745,0.5019023418426514,-0.021863436326384544,0.42484232783317566,0.5147044062614441,-0.003664345247671008
A,0.43283987045288086,0.6596481204032898,-5.737243213843612e-07,0.5226519703865051,0.6566306948661804,-0.03396882116794586,0.6091858744621277,0.5213586688041687,-0.037802256643772125,0.6421277523040771,0.40311890840530396,-0.03682398796081543,0.6778600811958313,0.34689027070999146,-0.027289580553770065,0.5555035471916199,0.40907901525497437,-0.02059370093047619,0.5667140483856201,0.3573009669780731,-0.0535631962120533,0.5622539520263672,0.4550568461418152,-0.06236478313803673,0.5558731555938721,0.4816419184207916,-0.0642487183213234,0.49146607518196106,0.40892088413238525,-0.014743831008672714,0.5102015733718872,0.3663363456726074,-0.05336445942521095,0.5147050023078918,0.48461952805519104,-0.05399230122566223,0.5062148571014404,0.49697840213775635,-0.04594340920448303,0.43712949752807617,0.4208158850669861,-0.015169869177043438,0.4502200186252594,0.37392500042915344,-0.06073574721813202,0.4658587872982025,0.4922225773334503,-0.04095376282930374,0.4596092104911804,0.5175299048423767,-0.017789961770176888,0.38006120920181274,0.43220773339271545,-0.017420239746570587,0.3973621428012848,0.4091859757900238,-0.04938516393303871,0.4166574478149414,0.4954013228416443,-0.03621440380811691,0.41664257645606995,0.5171753168106079,-0.018956797197461128
A,0.4320550858974457,0.6558050513267517,-5.786474162050581e-07,0.5222631096839905,0.6595123410224915,-0.03413509950041771,0.6100640296936035,0.5231772065162659,-0.03713475540280342,0.6416196823120117,0.4042116105556488,-0.03468555212020874,0.6759278774261475,0.3503180742263794,-0.023052014410495758,0.5571320056915283,0.41322919726371765,-0.02278740331530571,0.5674647092819214,0.3593263030052185,-0.05571947619318962,0.5633454322814941,0.4576393961906433,-0.06291425228118896,0.5580484867095947,0.4842413067817688,-0.06348810344934464,0.49228745698928833,0.41361305117607117,-0.016168586909770966,0.5111429691314697,0.3672562539577484,-0.05400978401303291,0.5149034261703491,0.48894017934799194,-0.051996029913425446,0.5067722797393799,0.49995484948158264,-0.04205772653222084,0.43783310055732727,0.42443299293518066,-0.015950292348861694,0.4522491991519928,0.37729722261428833,-0.06096955016255379,0.46626222133636475,0.49735209345817566,-0.039293061941862106,0.45921075344085693,0.52083820104599,-0.015031048096716404,0.3810833692550659,0.4327799379825592,-0.01755409874022007,0.40006154775619507,0.4098629355430603,-0.04827149584889412,0.4163060188293457,0.49741247296333313,-0.03404141217470169,0.41353529691696167,0.517629086971283,-0.01654021255671978
A,0.43430832028388977,0.6519755721092224,-5.452049549603544e-07,0.5237720608711243,0.6550123691558838,-0.03449637442827225,0.6096408367156982,0.5221204161643982,-0.037934865802526474,0.6400402784347534,0.40541237592697144,-0.03601456433534622,0.6729572415351868,0.3498992621898651,-0.024763986468315125,0.5582775473594666,0.41445407271385193,-0.020303137600421906,0.564997136592865,0.358245849609375,-0.055011313408613205,0.5614405274391174,0.45560720562934875,-0.06429813802242279,0.5590920448303223,0.4830947518348694,-0.06591947376728058,0.49455612897872925,0.41458576917648315,-0.013731466606259346,0.5101250410079956,0.36578312516212463,-0.0520503968000412,0.5132578611373901,0.4863308370113373,-0.05122712254524231,0.50644451379776,0.4963860511779785,-0.04211048036813736,0.44042694568634033,0.4246264100074768,-0.01396720390766859,0.4524695575237274,0.3757527768611908,-0.05876631662249565,0.46412914991378784,0.49387359619140625,-0.03739108517765999,0.457584023475647,0.5138282775878906,-0.013436838053166866,0.38459908962249756,0.43175721168518066,-0.01620381325483322,0.40090489387512207,0.4085037410259247,-0.045771125704050064,0.4146830141544342,0.49434012174606323,-0.0310530923306942,0.41115182638168335,0.5121021866798401,-0.013430430553853512
A,0.43578171730041504,0.648902177810669,-5.228822033132019e-07,0.5236501693725586,0.6515285968780518,-0.03272408992052078,0.6112027764320374,0.5236684083938599,-0.03596901521086693,0.642833948135376,0.410840779542923,-0.03421734645962715,0.671358048915863,0.355879545211792,-0.02352394536137581,0.5576491355895996,0.4137962758541107,-0.020365342497825623,0.5661571025848389,0.3594655990600586,-0.05401250720024109,0.5626700520515442,0.45456475019454956,-0.06299416720867157,0.5591114163398743,0.4798646867275238,-0.06451954692602158,0.4948231875896454,0.41287562251091003,-0.014678497798740864,0.5124725103378296,0.3676949739456177,-0.052509114146232605,0.5152827501296997,0.48592686653137207,-0.05239708721637726,0.5071101188659668,0.4951392710208893,-0.044041965156793594,0.44108444452285767,0.42251092195510864,-0.015312124975025654,0.45451560616493225,0.37647971510887146,-0.05965752527117729,0.46657508611679077,0.4926088750362396,-0.03940606862306595,0.4593999683856964,0.5129164457321167,-0.016380004584789276,0.3854156732559204,0.42941904067993164,-0.017674466595053673,0.4034675359725952,0.407384991645813,-0.046728603541851044,0.41810142993927,0.4920573830604553,-0.03214763104915619,0.41444653272628784,0.5105091333389282,-0.014743001200258732
A,0.4357201159000397,0.6494574546813965,-5.413623398453637e-07,0.5232571363449097,0.6515313386917114,-0.03260056674480438,0.6104304194450378,0.5207195281982422,-0.034853558987379074,0.6429203748703003,0.40656793117523193,-0.031794533133506775,0.6739882230758667,0.3517683446407318,-0.01967860572040081,0.5581645965576172,0.41457346081733704,-0.020962249487638474,0.5684706568717957,0.3605404794216156,-0.053631529211997986,0.5632741451263428,0.4561915695667267,-0.062075041234493256,0.5580142140388489,0.47800207138061523,-0.0638403370976448,0.494916707277298,0.4146350622177124,-0.0148148313164711,0.5141597390174866,0.3676617741584778,-0.051408879458904266,0.5159386396408081,0.4861230254173279,-0.05112215131521225,0.5064152479171753,0.49320223927497864,-0.043207570910453796,0.4416852593421936,0.42494240403175354,-0.014855408109724522,0.4557424783706665,0.3764996826648712,-0.05782699957489967,0.467065691947937,0.4925471842288971,-0.03753161430358887,0.45788490772247314,0.5109188556671143,-0.015181010589003563,0.3864343464374542,0.43035656213760376,-0.016621973365545273,0.4047858715057373,0.408687025308609,-0.04481997340917587,0.41840630769729614,0.49280086159706116,-0.030517298728227615,0.41324102878570557,0.5093162655830383,-0.013866884633898735
A,0.4361942708492279,0.6527565717697144,-5.018480919716239e-07,0.5219850540161133,0.6528134346008301,-0.03214245289564133,0.6086434125900269,0.5245338678359985,-0.035451218485832214,0.641913890838623,0.412323921918869,-0.034091517329216,0.6691139936447144,0.35498765110969543,-0.02459312602877617,0.5543275475502014,0.414252907037735,-0.019515300169587135,0.5634216070175171,0.3617517948150635,-0.05204097554087639,0.5600912570953369,0.4560094475746155,-0.061427827924489975,0.5563074350357056,0.4808941185474396,-0.0634092316031456,0.491779088973999,0.41546523571014404,-0.014282150194048882,0.5082425475120544,0.3686298131942749,-0.05154012516140938,0.5125973224639893,0.4851614236831665,-0.052715711295604706,0.5037329792976379,0.4978318512439728,-0.045286767184734344,0.4385960102081299,0.4276704490184784,-0.015079575590789318,0.4520125985145569,0.37699925899505615,-0.05917024239897728,0.46576210856437683,0.49351200461387634,-0.0406564436852932,0.45751750469207764,0.5178163051605225,-0.018591081723570824,0.38346952199935913,0.43668755888938904,-0.017466925084590912,0.40329450368881226,0.4112267792224884,-0.046377092599868774,0.4190373122692108,0.49434730410575867,-0.03256082162261009,0.41480228304862976,0.5150820016860962,-0.015621776692569256
A,0.4394753575325012,0.6451061964035034,-5.272249836707488e-07,0.5255898237228394,0.6517090201377869,-0.03545337915420532,0.61492520570755,0.5249646902084351,-0.03815741464495659,0.648003101348877,0.414176344871521,-0.03488870710134506,0.6707882881164551,0.35783594846725464,-0.02260504476726055,0.5601631999015808,0.4098219871520996,-0.02060326375067234,0.5737257599830627,0.35981523990631104,-0.05378863587975502,0.5691821575164795,0.45316365361213684,-0.06320555508136749,0.5644026398658752,0.47921738028526306,-0.06538186222314835,0.49796169996261597,0.408773809671402,-0.013148738071322441,0.5167877078056335,0.36509907245635986,-0.051079049706459045,0.5187716484069824,0.48218289017677307,-0.051486577838659286,0.5110730528831482,0.49348294734954834,-0.04366317018866539,0.44467270374298096,0.4190613627433777,-0.012350057251751423,0.4587048292160034,0.3785424530506134,-0.05545378103852272,0.4693213701248169,0.49202099442481995,-0.03521880879998207,0.46175432205200195,0.511885404586792,-0.012945996597409248,0.389972060918808,0.42819249629974365,-0.013725384138524532,0.40700697898864746,0.41038018465042114,-0.041407398879528046,0.4201281666755676,0.4930017292499542,-0.02736521326005459,0.4168580174446106,0.5092876553535461,-0.01114386785775423
A,0.4404178559780121,0.6460573077201843,-4.7473858444391226e-07,0.5247638821601868,0.6430173516273499,-0.036531757563352585,0.6135348677635193,0.5218350291252136,-0.042619600892066956,0.6452348232269287,0.41442909836769104,-0.04345237463712692,0.6739203929901123,0.3588334023952484,-0.0346967950463295,0.5640090703964233,0.41038814187049866,-0.020430684089660645,0.5731918811798096,0.35768431425094604,-0.056426145136356354,0.5667752027511597,0.45106610655784607,-0.06590867787599564,0.5618664026260376,0.47430938482284546,-0.0670735314488411,0.5014568567276001,0.4069298207759857,-0.013766327872872353,0.5180151462554932,0.3662037253379822,-0.05377981811761856,0.5181921720504761,0.4843069016933441,-0.053424686193466187,0.510669469833374,0.48896974325180054,-0.044052015990018845,0.44666579365730286,0.4144175350666046,-0.014298681169748306,0.460728257894516,0.37518221139907837,-0.06042919307947159,0.4695790410041809,0.49011650681495667,-0.040095120668411255,0.46241408586502075,0.5052875876426697,-0.01620894856750965,0.3903207778930664,0.4223637580871582,-0.017004555091261864,0.4087047576904297,0.40575718879699707,-0.04610199108719826,0.42198896408081055,0.4880101978778839,-0.031383659690618515,0.41815292835235596,0.501242995262146,-0.01340204756706953
A,0.4379383325576782,0.644906222820282,-5.269389475870412e-07,0.5241783261299133,0.6516914367675781,-0.03376971185207367,0.6128921508789062,0.5230682492256165,-0.03676275536417961,0.6458429098129272,0.40935930609703064,-0.034785427153110504,0.6761531829833984,0.3547438681125641,-0.023787882179021835,0.5638101696968079,0.4100755751132965,-0.01903435029089451,0.5718417167663574,0.3557403087615967,-0.054190557450056076,0.566709041595459,0.4494050443172455,-0.0640668272972107,0.5627585649490356,0.4755994975566864,-0.06578268855810165,0.5013951659202576,0.4074961245059967,-0.01299692876636982,0.5177141427993774,0.36428308486938477,-0.05218374356627464,0.5187183618545532,0.48273199796676636,-0.051875390112400055,0.5113277435302734,0.49111974239349365,-0.04276549816131592,0.44705480337142944,0.41572797298431396,-0.013904555700719357,0.46004825830459595,0.37248510122299194,-0.06028434634208679,0.47029879689216614,0.4896095395088196,-0.040487974882125854,0.46318310499191284,0.5094006061553955,-0.01699172705411911,0.390651136636734,0.4231128990650177,-0.01663435623049736,0.40863847732543945,0.40446117520332336,-0.0472085177898407,0.42203429341316223,0.4892881512641907,-0.03355561941862106,0.41888487339019775,0.5056892037391663,-0.016339143738150597
A,0.4394385516643524,0.6471943855285645,-5.11741120590159e-07,0.5254292488098145,0.6448143720626831,-0.03366631269454956,0.6110355257987976,0.5154666900634766,-0.037466228008270264,0.6416065692901611,0.40228450298309326,-0.036442261189222336,0.6734766960144043,0.3452427089214325,-0.026289893314242363,0.5608879327774048,0.4097784459590912,-0.017993761226534843,0.5676342248916626,0.35299602150917053,-0.05355959013104439,0.5631544589996338,0.4487799108028412,-0.0643659234046936,0.5595570802688599,0.47684457898139954,-0.06666706502437592,0.4993325471878052,0.40792417526245117,-0.01244291290640831,0.5134395956993103,0.3621780574321747,-0.05016479641199112,0.5157161951065063,0.47933876514434814,-0.05027064308524132,0.5086299777030945,0.48744645714759827,-0.0421406626701355,0.4456407427787781,0.4172120988368988,-0.01393636129796505,0.45678991079330444,0.369358092546463,-0.058072224259376526,0.46776315569877625,0.48477742075920105,-0.03789191320538521,0.4618588089942932,0.5025182366371155,-0.01496874913573265,0.3901826739311218,0.4256950318813324,-0.017466746270656586,0.4050922691822052,0.40447142720222473,-0.04598980396986008,0.4187157452106476,0.48717814683914185,-0.03146035969257355,0.41612035036087036,0.502651035785675,-0.014174201525747776
A,0.4444122314453125,0.6146017909049988,-3.3965932288992917e-07,0.5291210412979126,0.6012775301933289,-0.03690150007605553,0.6183274984359741,0.4904046952724457,-0.043893963098526,0.6453900337219238,0.38950079679489136,-0.045975975692272186,0.6592281460762024,0.33161887526512146,-0.039151668548583984,0.560696005821228,0.383320152759552,-0.017058558762073517,0.5717614889144897,0.3166734576225281,-0.051922038197517395,0.5663588047027588,0.4101184606552124,-0.0622275248169899,0.561542809009552,0.44072839617729187,-0.06305808573961258,0.5018596649169922,0.3797690272331238,-0.010551181621849537,0.5159100890159607,0.3236210346221924,-0.045375995337963104,0.5171863436698914,0.4348335862159729,-0.043965790420770645,0.5103950500488281,0.4518265128135681,-0.035202253609895706,0.4457728862762451,0.38778817653656006,-0.011938238516449928,0.460275799036026,0.33513975143432617,-0.05356020852923393,0.4678999185562134,0.44339075684547424,-0.03374207764863968,0.46089744567871094,0.46738481521606445,-0.010759391821920872,0.38756126165390015,0.3991953134536743,-0.015723252668976784,0.4117336869239807,0.3609905540943146,-0.03947122395038605,0.4218469262123108,0.43834561109542847,-0.02226884290575981,0.41484782099723816,0.46181362867355347,-0.0033880542032420635
A,0.4163717031478882,0.5869781970977783,-3.9450384292649687e-07,0.4926774501800537,0.5458438396453857,-0.022372188046574593,0.5544004440307617,0.4557688534259796,-0.026059316471219063,0.5794151425361633,0.3715863823890686,-0.030855650082230568,0.6022007465362549,0.3153332769870758,-0.030431406572461128,0.5189068913459778,0.38123616576194763,0.004290440119802952,0.528225302696228,0.3258028030395508,-0.033336341381073,0.5200875401496887,0.3993542790412903,-0.04978620633482933,0.5167230367660522,0.4346487820148468,-0.05292417109012604,0.47025686502456665,0.371526837348938,0.0024565227795392275,0.48393431305885315,0.3233349919319153,-0.035990484058856964,0.4770081639289856,0.4123438000679016,-0.03979894146323204,0.47163835167884827,0.4444236159324646,-0.032187823206186295,0.4219783842563629,0.37262672185897827,-0.007505208719521761,0.4373694956302643,0.32910364866256714,-0.05108562111854553,0.43333670496940613,0.4189307391643524,-0.03749879449605942,0.42729970812797546,0.4533257484436035,-0.016175175085663795,0.36860477924346924,0.3814665675163269,-0.018985826522111893,0.391440749168396,0.34455740451812744,-0.043408431112766266,0.3912992775440216,0.4124099016189575,-0.02928677760064602,0.38564780354499817,0.44256722927093506,-0.011206084862351418
A,0.3953647017478943,0.536545991897583,-4.863125582232897e-07,0.4636630117893219,0.5316265225410461,-0.016642121598124504,0.517119288444519,0.4429835379123688,-0.01694594882428646,0.5378614664077759,0.3568495213985443,-0.015491269528865814,0.560993492603302,0.31844431161880493,-0.007544875610619783,0.479773610830307,0.3661365211009979,-0.011212782934308052,0.4815295338630676,0.30384552478790283,-0.035908158868551254,0.48113662004470825,0.37550559639930725,-0.04146414250135422,0.4793589115142822,0.40666183829307556,-0.040978800505399704,0.4369479715824127,0.3656955659389496,-0.00976024940609932,0.44043171405792236,0.3136877715587616,-0.03447611257433891,0.4463501572608948,0.39914095401763916,-0.029400989413261414,0.4437029957771301,0.4137372672557831,-0.020728783681988716,0.3993149399757385,0.3717398941516876,-0.012896081432700157,0.4049210846424103,0.32627472281455994,-0.04211122542619705,0.41458871960639954,0.40909823775291443,-0.023688139393925667,0.4138600826263428,0.42973899841308594,-0.004866133444011211,0.3603903651237488,0.37912729382514954,-0.017078161239624023,0.3699628710746765,0.3494758903980255,-0.036359697580337524,0.3812442719936371,0.40875858068466187,-0.024681326001882553,0.382651686668396,0.4288666248321533,-0.011487822979688644
A,0.4054582118988037,0.5454301238059998,-4.322606628193171e-07,0.4688164293766022,0.5217292308807373,-0.012974780984222889,0.5159375071525574,0.43967941403388977,-0.013544702902436256,0.5299211740493774,0.3665367364883423,-0.013471681624650955,0.5541473031044006,0.3336888253688812,-0.008443152531981468,0.47120290994644165,0.37511685490608215,-0.009014669805765152,0.4773842990398407,0.3225790858268738,-0.030712533742189407,0.4809532165527344,0.39144641160964966,-0.036407917737960815,0.4797387719154358,0.41763439774513245,-0.036997128278017044,0.4328567385673523,0.37971729040145874,-0.009773997589945793,0.44080081582069397,0.33538180589675903,-0.03312256559729576,0.45001545548439026,0.41366106271743774,-0.032033246010541916,0.44601553678512573,0.43114763498306274,-0.027075951918959618,0.3976953625679016,0.38948118686676025,-0.014077886939048767,0.40737101435661316,0.34757140278816223,-0.042282331734895706,0.41943711042404175,0.42356935143470764,-0.02948887087404728,0.41731056571006775,0.44463273882865906,-0.014886613935232162,0.3600212037563324,0.40222784876823425,-0.0187530480325222,0.3728412389755249,0.3686761260032654,-0.03712153807282448,0.388232946395874,0.4222129285335541,-0.027162980288267136,0.38861310482025146,0.4452661871910095,-0.015773961320519447
A,0.43686771392822266,0.5513914823532104,-3.619877588789677e-07,0.49796566367149353,0.5220776796340942,-0.019974740222096443,0.5429954528808594,0.4354863166809082,-0.02402288094162941,0.567658007144928,0.36509549617767334,-0.027962760999798775,0.5921179056167603,0.32238543033599854,-0.027109485119581223,0.5056250691413879,0.3726459741592407,-0.00040386797627434134,0.5157104730606079,0.3365212082862854,-0.029432225972414017,0.5146442651748657,0.402496337890625,-0.04326367378234863,0.5135694742202759,0.42613986134529114,-0.047650355845689774,0.4686424136161804,0.3731728792190552,0.00027031253557652235,0.481176495552063,0.34517669677734375,-0.028005436062812805,0.4808742105960846,0.4190528392791748,-0.031239422038197517,0.4772416353225708,0.43639811873435974,-0.027174241840839386,0.43268445134162903,0.38148996233940125,-0.005426384974271059,0.44645923376083374,0.3529297709465027,-0.03501492366194725,0.448163241147995,0.42437756061553955,-0.022623203694820404,0.44502145051956177,0.44662222266197205,-0.007261195220053196,0.3958056569099426,0.39289358258247375,-0.012946446426212788,0.4126598536968231,0.36912161111831665,-0.02811162918806076,0.4163255989551544,0.4241390824317932,-0.01631859689950943,0.41445836424827576,0.44605553150177,-0.003226842265576124
A,0.6934455633163452,0.7226988077163696,-1.7964123344427207e-07,0.7449980974197388,0.7100728750228882,-0.017210396006703377,0.7943859696388245,0.6154497265815735,-0.01944553293287754,0.810789167881012,0.5403178334236145,-0.02048029564321041,0.8348149061203003,0.4941543638706207,-0.01813047006726265,0.757917582988739,0.53226637840271,-0.01310987863689661,0.7847574949264526,0.5179170370101929,-0.03324456140398979,0.7797815203666687,0.5853713750839233,-0.038081709295511246,0.7680838704109192,0.6126229763031006,-0.037886232137680054,0.7187862992286682,0.5264003872871399,-0.013298260048031807,0.7505081295967102,0.5255329012870789,-0.032579656690359116,0.7463623285293579,0.6024633646011353,-0.0315903015434742,0.7337087988853455,0.6235169768333435,-0.027731675654649734,0.6808388233184814,0.536972165107727,-0.017274122685194016,0.7163892984390259,0.5407301783561707,-0.04383920133113861,0.716244637966156,0.6169015169143677,-0.03447437286376953,0.7047869563102722,0.6416658759117126,-0.0230494886636734,0.64394211769104,0.5546400547027588,-0.021891286596655846,0.6817875504493713,0.5558515191078186,-0.04120403528213501,0.6880929470062256,0.6123591065406799,-0.033772699534893036,0.6810412406921387,0.6348090171813965,-0.024446530267596245
A,0.694922685623169,0.7622030377388,-4.341279407071852e-07,0.7516697645187378,0.7455401420593262,-0.01762285642325878,0.8019020557403564,0.6546573042869568,-0.022983450442552567,0.8229796290397644,0.5829034447669983,-0.027285832911729813,0.8508489727973938,0.5393184423446655,-0.027452677488327026,0.750360369682312,0.5467745065689087,-0.009050906635820866,0.7975298762321472,0.5558189153671265,-0.03456135839223862,0.7906191945075989,0.6246864795684814,-0.046522270888090134,0.7748220562934875,0.6490290760993958,-0.05160078778862953,0.7125271558761597,0.5410261154174805,-0.010603095404803753,0.7646582126617432,0.5646387934684753,-0.033978164196014404,0.7605165839195251,0.6391353607177734,-0.03374188393354416,0.7463667392730713,0.6573987603187561,-0.02921695075929165,0.6770804524421692,0.5538560152053833,-0.016992151737213135,0.7298885583877563,0.5798328518867493,-0.044479046016931534,0.7305641174316406,0.6527249217033386,-0.03478691354393959,0.7174410820007324,0.6739462614059448,-0.022702328860759735,0.6441482901573181,0.5782416462898254,-0.024859465658664703,0.6941537261009216,0.596149742603302,-0.04144078493118286,0.7018637657165527,0.6522967219352722,-0.033299341797828674,0.6941993832588196,0.6734559535980225,-0.023204131051898003
A,0.1463664174079895,0.802688717842102,-2.460534744841425e-07,0.2145349085330963,0.7559422254562378,-0.027392780408263206,0.2623206675052643,0.6542556881904602,-0.033351290971040726,0.2803371548652649,0.5630590319633484,-0.036074187606573105,0.3045191466808319,0.506489098072052,-0.033282577991485596,0.21845589578151703,0.5991484522819519,-0.017596786841750145,0.20148101449012756,0.5349534153938293,-0.04847251996397972,0.2041705697774887,0.6073198318481445,-0.06213640421628952,0.21347123384475708,0.6392242908477783,-0.06683696061372757,0.16863542795181274,0.6083759665489197,-0.013811647891998291,0.15120959281921387,0.553560733795166,-0.043955352157354355,0.162823885679245,0.6358610391616821,-0.04776117205619812,0.17065361142158508,0.6618092656135559,-0.045531246811151505,0.1276637613773346,0.6272724866867065,-0.0157326627522707,0.11275863647460938,0.5769048929214478,-0.04719245433807373,0.12741053104400635,0.6536408066749573,-0.0346524715423584,0.13684570789337158,0.6812081336975098,-0.01980607770383358,0.08952346444129944,0.6470577120780945,-0.019869817420840263,0.07838103175163269,0.606842041015625,-0.038742490112781525,0.09090867638587952,0.6582516431808472,-0.028041783720254898,0.09938710927963257,0.6824605464935303,-0.015606244094669819
A,0.11601518094539642,0.7112521529197693,-3.151917837840301e-08,0.17584151029586792,0.6410813331604004,-0.012086248025298119,0.230062335729599,0.5490567684173584,-0.012117988429963589,0.2478514015674591,0.46998584270477295,-0.012104755267500877,0.2617208659648895,0.41928085684776306,-0.006328712683171034,0.18228085339069366,0.4952579736709595,0.008220705203711987,0.18652676045894623,0.43254828453063965,-0.01015804149210453,0.19349777698516846,0.48954033851623535,-0.01847216673195362,0.1933145374059677,0.5020248889923096,-0.020523231476545334,0.13666272163391113,0.4989357888698578,0.00789952464401722,0.14341482520103455,0.4397345781326294,-0.009200022555887699,0.15573638677597046,0.506740152835846,-0.01172797940671444,0.15360932052135468,0.519036591053009,-0.008266632445156574,0.09876572340726852,0.5098010897636414,0.003325748723000288,0.10516946762800217,0.46014639735221863,-0.014773411676287651,0.11882149428129196,0.525137186050415,-0.00021988505613990128,0.11842626333236694,0.5401450395584106,0.015084618702530861,0.06287528574466705,0.5275687575340271,-0.00242101913318038,0.07351427525281906,0.48701173067092896,-0.009155255742371082,0.08584462851285934,0.5315853357315063,0.006513708736747503,0.08644942194223404,0.5469428300857544,0.022090163081884384
A,0.09303349256515503,0.6100685596466064,-1.3043327840023267e-07,0.16067126393318176,0.5564486384391785,-0.01856692135334015,0.228655144572258,0.45322561264038086,-0.020239487290382385,0.24851123988628387,0.3648560345172882,-0.018477682024240494,0.2700427174568176,0.31241846084594727,-0.009815883822739124,0.17614337801933289,0.38201290369033813,-0.005493504926562309,0.17578721046447754,0.32342642545700073,-0.022093703970313072,0.17993153631687164,0.3876311182975769,-0.028976697474718094,0.18325035274028778,0.3900054693222046,-0.0330074280500412,0.12816978991031647,0.38896769285202026,-0.000552348152268678,0.12999029457569122,0.3320580720901489,-0.015265327878296375,0.14189165830612183,0.40827029943466187,-0.013062766753137112,0.14414028823375702,0.406288206577301,-0.009047179482877254,0.08694441616535187,0.4014085531234741,0.0006514351116493344,0.08621285110712051,0.350716233253479,-0.014865837059915066,0.10171116888523102,0.42429620027542114,0.005466063506901264,0.10744844377040863,0.431300550699234,0.021268703043460846,0.04404927045106888,0.4139273762702942,7.78389658080414e-05,0.046967968344688416,0.3855908215045929,-0.006541726645082235,0.06397262215614319,0.4373847246170044,0.00963526964187622,0.07188773155212402,0.44554734230041504,0.02360382117331028
A,0.10617657005786896,0.5405024886131287,-1.5765695593472628e-07,0.18064558506011963,0.4702296853065491,-0.027407297864556313,0.24259155988693237,0.35897573828697205,-0.03145848587155342,0.26731908321380615,0.2719012498855591,-0.03406738117337227,0.27882838249206543,0.20706605911254883,-0.030313074588775635,0.1768498718738556,0.2824159264564514,0.0017251987010240555,0.1880241185426712,0.23290477693080902,-0.030020371079444885,0.19158056378364563,0.3129621744155884,-0.04659610241651535,0.18967607617378235,0.33622169494628906,-0.05185597389936447,0.13407643139362335,0.2828748822212219,0.006075608544051647,0.14289578795433044,0.23695987462997437,-0.02552192658185959,0.1503765732049942,0.3285289704799652,-0.031385231763124466,0.14879441261291504,0.349632203578949,-0.027467111125588417,0.09504808485507965,0.2946856617927551,0.0032573146745562553,0.09935884177684784,0.24738973379135132,-0.029985511675477028,0.11038389056921005,0.33672192692756653,-0.014422492124140263,0.11226741969585419,0.3674871623516083,0.005233492702245712,0.05364982783794403,0.3121897578239441,-0.0021028677001595497,0.06275960803031921,0.2737511396408081,-0.020061682909727097,0.07300689071416855,0.33511292934417725,-0.004596193786710501,0.07624570280313492,0.3642216622829437,0.013468790799379349
A,0.3375718295574188,0.6549636125564575,-3.7489741089302697e-07,0.4139552116394043,0.6267654895782471,-0.03245076164603233,0.47856777906417847,0.4908007085323334,-0.037488099187612534,0.49685138463974,0.3757661283016205,-0.03752750903367996,0.5280793309211731,0.3156551122665405,-0.031433023512363434,0.40633293986320496,0.3972007930278778,-0.025771601125597954,0.41943883895874023,0.3504263758659363,-0.05905304476618767,0.4239899218082428,0.45121878385543823,-0.07066120952367783,0.42188459634780884,0.48432809114456177,-0.07394703477621078,0.3473094403743744,0.40680941939353943,-0.020519178360700607,0.35433027148246765,0.35965192317962646,-0.05276321619749069,0.3703990578651428,0.47619473934173584,-0.050489868968725204,0.3692871034145355,0.503549337387085,-0.04367746785283089,0.2961311936378479,0.42893537878990173,-0.02132274955511093,0.29990893602371216,0.37807509303092957,-0.05922601744532585,0.3220418393611908,0.4885755479335785,-0.037132229655981064,0.3207610845565796,0.5247248411178589,-0.015180274844169617,0.24407535791397095,0.4504084885120392,-0.02417680062353611,0.2509240210056305,0.40590009093284607,-0.04744235426187515,0.2706088125705719,0.48144614696502686,-0.0301605686545372,0.27061837911605835,0.5156935453414917,-0.01251824852079153
A,0.35785332322120667,0.6051226258277893,-5.458946930048114e-07,0.4463743269443512,0.5789352655410767,-0.03783054277300835,0.509179413318634,0.4551992118358612,-0.04654424265027046,0.529534101486206,0.34246718883514404,-0.05170446261763573,0.5596520900726318,0.2768765091896057,-0.04960241541266441,0.45000720024108887,0.37544673681259155,-0.01527607161551714,0.44994500279426575,0.3024302124977112,-0.05708596855401993,0.4498429298400879,0.39539119601249695,-0.0719367191195488,0.45146068930625916,0.4374329149723053,-0.07328058779239655,0.39510494470596313,0.37516435980796814,-0.007780623622238636,0.3904497027397156,0.3157340884208679,-0.050904132425785065,0.3984615206718445,0.423662930727005,-0.04986996948719025,0.4023702144622803,0.4548211991786957,-0.038268983364105225,0.34405699372291565,0.38500165939331055,-0.00969437975436449,0.3401953876018524,0.32434141635894775,-0.05474472790956497,0.35514047741889954,0.42779797315597534,-0.03426219895482063,0.3619672656059265,0.463977575302124,-0.008931729011237621,0.2920703589916229,0.3977787494659424,-0.014669019728899002,0.2927354574203491,0.34635382890701294,-0.04046778753399849,0.3065797686576843,0.42402535676956177,-0.0254532303661108,0.3146643340587616,0.46005547046661377,-0.0070268623530864716
A,0.277650386095047,0.5800366401672363,-4.262061850113241e-07,0.3657297194004059,0.5419039726257324,-0.03349188342690468,0.4252598285675049,0.4244416058063507,-0.03752186521887779,0.4553164541721344,0.3258759379386902,-0.039386071264743805,0.47568443417549133,0.26145726442337036,-0.03531273826956749,0.38159194588661194,0.33039751648902893,0.00044074110337533057,0.3875989317893982,0.2771998941898346,-0.04064858332276344,0.3734208345413208,0.361188143491745,-0.061798833310604095,0.3699692487716675,0.3973902761936188,-0.06859850883483887,0.3315151631832123,0.3245883584022522,0.005969942081719637,0.3400084376335144,0.28232261538505554,-0.0385102815926075,0.3285488486289978,0.37916243076324463,-0.04853994399309158,0.32256653904914856,0.4134412407875061,-0.04353135824203491,0.2851387858390808,0.3338742256164551,0.002038045087829232,0.2888534963130951,0.2954658567905426,-0.04155294597148895,0.2835872769355774,0.3869656026363373,-0.030920371413230896,0.2783581614494324,0.4221077561378479,-0.011208164505660534,0.23975080251693726,0.35091155767440796,-0.00465807830914855,0.24135984480381012,0.31680792570114136,-0.026933578774333,0.23888413608074188,0.38515505194664,-0.015696298331022263,0.2382533699274063,0.4144810736179352,0.0003719378437381238
A,0.23756060004234314,0.6552003622055054,-6.662698979198467e-07,0.3167512118816376,0.6374431252479553,-0.03673595190048218,0.3760983347892761,0.49665960669517517,-0.04494102671742439,0.3949071764945984,0.37736010551452637,-0.04709186032414436,0.43468815088272095,0.3237658143043518,-0.04222003370523453,0.31435850262641907,0.41968920826911926,-0.04343346133828163,0.30373749136924744,0.34772518277168274,-0.08253484219312668,0.3051723539829254,0.45120730996131897,-0.09385821968317032,0.3096884489059448,0.4848140776157379,-0.09750878810882568,0.24615773558616638,0.4347139596939087,-0.037379439920186996,0.24267950654029846,0.3766093850135803,-0.08044521510601044,0.2571524977684021,0.49298518896102905,-0.08130505681037903,0.26090091466903687,0.514121413230896,-0.07535214722156525,0.1948496550321579,0.4556122422218323,-0.037078890949487686,0.19180406630039215,0.39886754751205444,-0.08409249782562256,0.21265271306037903,0.5104859471321106,-0.06557301431894302,0.22047360241413116,0.5382900238037109,-0.04433669149875641,0.14776183664798737,0.4725021421909332,-0.038662251085042953,0.14475186169147491,0.4309931695461273,-0.06831125169992447,0.16568367183208466,0.5099970102310181,-0.05495137721300125,0.17681196331977844,0.5370595455169678,-0.03945447877049446
A,0.23131144046783447,0.7081029415130615,-6.054853542991623e-07,0.30931636691093445,0.6704310774803162,-0.04153315722942352,0.36502885818481445,0.5400620698928833,-0.0529417023062706,0.3846493661403656,0.42094528675079346,-0.0581548810005188,0.4300527572631836,0.35685473680496216,-0.05360448732972145,0.312568724155426,0.4582173824310303,-0.022365758195519447,0.30563074350357056,0.3997128903865814,-0.0601450651884079,0.3094087243080139,0.49007365107536316,-0.07143323123455048,0.3153057098388672,0.5070843696594238,-0.07421793043613434,0.2567116916179657,0.46837812662124634,-0.013454006984829903,0.24930371344089508,0.42360320687294006,-0.051216792315244675,0.2654365003108978,0.5352944731712341,-0.04662465676665306,0.2712603211402893,0.5321953296661377,-0.03499184548854828,0.20769992470741272,0.4833417236804962,-0.01334932167083025,0.2014964073896408,0.4398123323917389,-0.055432338267564774,0.2227267026901245,0.5445653200149536,-0.032054461538791656,0.23078705370426178,0.5489240288734436,-0.006625075824558735,0.15954409539699554,0.4985595643520355,-0.016689052805304527,0.15696033835411072,0.4659045934677124,-0.03919145092368126,0.17823924124240875,0.5406468510627747,-0.020977262407541275,0.1866082102060318,0.5551620721817017,-0.0013819847954437137
A,0.17658233642578125,0.6980764865875244,-3.1652831466999487e-07,0.2523966431617737,0.6423060297966003,-0.04617771506309509,0.3071768283843994,0.51411372423172,-0.05524567514657974,0.3171899914741516,0.40159112215042114,-0.05662703141570091,0.3500760495662689,0.33878326416015625,-0.04826454445719719,0.2427196055650711,0.4440248906612396,-0.0194074884057045,0.23404978215694427,0.38676267862319946,-0.05077854171395302,0.2391788363456726,0.4801272451877594,-0.0604248084127903,0.2461394965648651,0.49378108978271484,-0.06320784240961075,0.19116955995559692,0.45265185832977295,-0.004597762133926153,0.18132524192333221,0.4038027226924896,-0.039685118943452835,0.1948775351047516,0.506445050239563,-0.03961936756968498,0.2014838457107544,0.510723352432251,-0.031853582710027695,0.1464788317680359,0.4722248315811157,0.0018740578088909388,0.13549214601516724,0.42835789918899536,-0.033995941281318665,0.1537102311849594,0.5201753377914429,-0.01624131016433239,0.16238287091255188,0.531248927116394,0.004236986860632896,0.10056370496749878,0.49097076058387756,0.004572959616780281,0.09222841262817383,0.45801904797554016,-0.013579837046563625,0.10896281898021698,0.5167232155799866,-0.00036049983464181423,0.11747844517230988,0.5290989875793457,0.014719435013830662
A,0.17095789313316345,0.7863254547119141,-6.283377729232598e-07,0.24313385784626007,0.7520380616188049,-0.05240809544920921,0.29194334149360657,0.6206953525543213,-0.06554282456636429,0.29769986867904663,0.5024431943893433,-0.0685751885175705,0.3402533531188965,0.4442511796951294,-0.060610026121139526,0.23399290442466736,0.5392572283744812,-0.037678878754377365,0.22191990911960602,0.49041011929512024,-0.07527830451726913,0.22802859544754028,0.5905517339706421,-0.0837026834487915,0.23555050790309906,0.605860710144043,-0.08520539104938507,0.17571155726909637,0.5560524463653564,-0.023017095401883125,0.1653159111738205,0.5127190947532654,-0.06407925486564636,0.18527691066265106,0.6263250708580017,-0.05987948924303055,0.1938346028327942,0.6230286359786987,-0.04823390766978264,0.12773741781711578,0.5763767957687378,-0.016979822888970375,0.1138353943824768,0.5351479649543762,-0.06293432414531708,0.14048777520656586,0.6383475065231323,-0.04250672459602356,0.15368559956550598,0.6382499933242798,-0.018550189211964607,0.08181466162204742,0.5964251160621643,-0.014758252538740635,0.0685601681470871,0.5687848925590515,-0.04155541956424713,0.09545820206403732,0.6408419609069824,-0.027003133669495583,0.11042565852403641,0.6514807343482971,-0.009777628816664219
A,0.19236932694911957,0.7250475287437439,-2.973729351651855e-07,0.26132696866989136,0.6491416096687317,-0.021727943792939186,0.30519381165504456,0.5264115929603577,-0.026347549632191658,0.32008644938468933,0.4315641522407532,-0.031136199831962585,0.349569171667099,0.37782061100006104,-0.029880819842219353,0.24062684178352356,0.4718284606933594,0.0048108650371432304,0.24376098811626434,0.41412782669067383,-0.024960560724139214,0.25048691034317017,0.49739140272140503,-0.03764316439628601,0.250036358833313,0.5256190299987793,-0.04045448079705238,0.19202634692192078,0.48111671209335327,0.005942362826317549,0.19201277196407318,0.4249267280101776,-0.024969512596726418,0.20792385935783386,0.520526647567749,-0.026535961776971817,0.20978590846061707,0.545652449131012,-0.0186547189950943,0.1506311148405075,0.5006980895996094,0.00019016259466297925,0.1477760672569275,0.43957269191741943,-0.03205494582653046,0.17100897431373596,0.5311779379844666,-0.014181789010763168,0.17834506928920746,0.5636448264122009,0.007643143646419048,0.11069503426551819,0.525621771812439,-0.007563319988548756,0.11234601587057114,0.4715630114078522,-0.023165689781308174,0.13342711329460144,0.5350978970527649,-0.006032291334122419,0.14261510968208313,0.5674442052841187,0.012813671492040157
A,0.16291268169879913,0.6264728903770447,-1.4734757769474527e-07,0.22508946061134338,0.5473560094833374,-0.023465048521757126,0.28349965810775757,0.4223385751247406,-0.025247041136026382,0.2998117506504059,0.329615980386734,-0.02547786943614483,0.3213774263858795,0.2689109742641449,-0.01815814897418022,0.225718155503273,0.35877925157546997,0.006894173100590706,0.22974693775177002,0.3101470470428467,-0.01577093079686165,0.23017224669456482,0.38360345363616943,-0.0245407372713089,0.23267585039138794,0.38443291187286377,-0.028605496510863304,0.1798589676618576,0.3628464639186859,0.010776123963296413,0.1776590645313263,0.3224804103374481,-0.015387996099889278,0.18573851883411407,0.4081166386604309,-0.01420069020241499,0.1958000808954239,0.40523815155029297,-0.0067602647468447685,0.14236921072006226,0.37547051906585693,0.007621008437126875,0.13532289862632751,0.34043920040130615,-0.016909586265683174,0.14689190685749054,0.42132651805877686,0.004898896906524897,0.1576664000749588,0.42418912053108215,0.02502099610865116,0.1052393987774849,0.39097580313682556,0.0012657544575631618,0.10022517293691635,0.36816075444221497,-0.006953834556043148,0.11182078719139099,0.4226970076560974,0.01049036718904972,0.12373320013284683,0.425486296415329,0.026556164026260376
A,0.13082009553909302,0.5589425563812256,-4.05147233095704e-07,0.20743224024772644,0.5376951694488525,-0.04298024624586105,0.2584100365638733,0.40422019362449646,-0.05072494596242905,0.2671952545642853,0.28338322043418884,-0.051715102046728134,0.3002314269542694,0.22816820442676544,-0.04380563646554947,0.20179066061973572,0.32796725630760193,-0.017780767753720284,0.18836958706378937,0.2660589814186096,-0.05434524267911911,0.19280274212360382,0.34839239716529846,-0.06595190614461899,0.1984948068857193,0.37879759073257446,-0.06705210357904434,0.14735618233680725,0.3351479768753052,-0.0048278095200657845,0.1317659467458725,0.2834221422672272,-0.04407227039337158,0.14937233924865723,0.38785871863365173,-0.04185357689857483,0.15810228884220123,0.40456533432006836,-0.02925838716328144,0.10200604051351547,0.34806936979293823,-0.0009525128989480436,0.0870736613869667,0.3103836476802826,-0.043662406504154205,0.10950497537851334,0.4068810045719147,-0.025225896388292313,0.12138655036687851,0.4245222210884094,-0.0011442250106483698,0.05715931951999664,0.3621525168418884,-0.0003567366220522672,0.04629862308502197,0.33493471145629883,-0.026020826771855354,0.06669487059116364,0.40530452132225037,-0.014621032401919365,0.07950472086668015,0.4243603050708771,0.001548129366710782
